Name,Gender,Grouped Region
James,Male,USA
John,Male,USA
Robert,Male,USA
Michael,Male,USA
William,Male,USA
David,Male,USA
Richard,Male,USA
Joseph,Male,USA
Thomas,Male,USA
Charles,Male,USA
Christopher,Male,USA
Daniel,Male,USA
Matthew,Male,USA
Anthony,Male,USA
Mark,Male,USA
Donald,Male,USA
Steven,Male,USA
Paul,Male,USA
Andrew,Male,USA
Joshua,Male,USA
Kenneth,Male,USA
Kevin,Male,USA
Brian,Male,USA
George,Male,USA
Edward,Male,USA
Ronald,Male,USA
Timothy,Male,USA
Jason,Male,USA
Jeffrey,Male,USA
Ryan,Male,USA
Jacob,Male,USA
Gary,Male,USA
Nicholas,Male,USA
Eric,Male,USA
Jonathan,Male,USA
Stephen,Male,USA
Larry,Male,USA
Justin,Male,USA
Scott,Male,USA
Brandon,Male,USA
Benjamin,Male,USA
Samuel,Male,USA
Raymond,Male,USA
Gregory,Male,USA
Frank,Male,USA
Alexander,Male,USA
Patrick,Male,USA
Jack,Male,USA
Dennis,Male,USA
Jerry,Male,USA
Tyler,Male,USA
Aaron,Male,USA
Jose,Male,USA
Adam,Male,USA
Henry,Male,USA
Nathan,Male,USA
Douglas,Male,USA
Zachary,Male,USA
Peter,Male,USA
Kyle,Male,USA
Walter,Male,USA
Ethan,Male,USA
Jeremy,Male,USA
Harold,Male,USA
Keith,Male,USA
Christian,Male,USA
Roger,Male,USA
Noah,Male,USA
Gerald,Male,USA
Carl,Male,USA
Terry,Male,USA
Sean,Male,USA
Austin,Male,USA
Arthur,Male,USA
Lawrence,Male,USA
Jesse,Male,USA
Dylan,Male,USA
Bryan,Male,USA
Joe,Male,USA
Jordan,Male,USA
Billy,Male,USA
Bruce,Male,USA
Albert,Male,USA
Willie,Male,USA
Gabriel,Male,USA
Logan,Male,USA
Alan,Male,USA
Juan,Male,USA
Wayne,Male,USA
Roy,Male,USA
Ralph,Male,USA
Randy,Male,USA
Eugene,Male,USA
Vincent,Male,USA
Russell,Male,USA
Elijah,Male,USA
Louis,Male,USA
Bobby,Male,USA
Philip,Male,USA
Johnny,Male,USA
Bradley,Male,USA
Isaac,Male,USA
Erik,Male,USA
Carlos,Male,USA
Martin,Male,USA
Jared,Male,USA
Mason,Male,USA
Caleb,Male,USA
Hunter,Male,USA
Liam,Male,USA
Owen,Male,USA
Lucas,Male,USA
Cameron,Male,USA
Connor,Male,USA
Cole,Male,USA
Evan,Male,USA
Aiden,Male,USA
Jackson,Male,USA
Carter,Male,USA
Wyatt,Male,USA
Chase,Male,USA
Nolan,Male,USA
Adrian,Male,USA
Cooper,Male,USA
Hudson,Male,USA
Parker,Male,USA
Blake,Male,USA
Grayson,Male,USA
Carson,Male,USA
Landon,Male,USA
Gavin,Male,USA
Miles,Male,USA
Brayden,Male,USA
Sawyer,Male,USA
Bentley,Male,USA
Wesley,Male,USA
Maxwell,Male,USA
Leo,Male,USA
Micah,Male,USA
Dominic,Male,USA
Easton,Male,USA
Colton,Male,USA
Tristan,Male,USA
Ian,Male,USA
Jaxon,Male,USA
Lincoln,Male,USA
Maverick,Male,USA
Brody,Male,USA
Derek,Male,USA
Dean,Male,USA
Colin,Male,USA
Clayton,Male,USA
Elliott,Male,USA
Finn,Male,USA
Griffin,Male,USA
Harrison,Male,USA
Jasper,Male,USA
Knox,Male,USA
Nash,Male,USA
Oscar,Male,USA
Preston,Male,USA
Rhett,Male,USA
Roman,Male,USA
Silas,Male,USA
Tucker,Male,USA
Victor,Male,USA
Weston,Male,USA
Grant,Male,USA
Felix,Male,USA
Ryder,Male,USA
Jude,Male,USA
Simon,Male,USA
Beckett,Male,USA
August,Male,USA
Archer,Male,USA
Beau,Male,USA
Theo,Male,USA
Maddox,Male,USA
Rowan,Male,USA
Declan,Male,USA
Axel,Male,USA
Brooks,Male,USA
Bennett,Male,USA
Emmett,Male,USA
Graham,Male,USA
Everett,Male,USA
Calvin,Male,USA
Jonah,Male,USA
Kai,Male,USA
Ryker,Male,USA
Antonio,Male,USA
Marcus,Male,USA
Travis,Male,USA
Cody,Male,USA
Trevor,Male,USA
Corey,Male,USA
Shane,Male,USA
Dustin,Male,USA
Luis,Male,USA
Miguel,Male,USA
Shawn,Male,USA
Curtis,Male,USA
Danny,Male,USA
Dale,Male,USA
Joel,Male,USA
Eddie,Male,USA
Tony,Male,USA
Randall,Male,USA
Barry,Male,USA
Leonard,Male,USA
Frederick,Male,USA
Ernest,Male,USA
Howard,Male,USA
Craig,Male,USA
Todd,Male,USA
Allen,Male,USA
Jimmy,Male,USA
Francis,Male,USA
Harry,Male,USA
Leon,Male,USA
Manuel,Male,USA
Rodney,Male,USA
Marvin,Male,USA
Clifford,Male,USA
Stanley,Male,USA
Herbert,Male,USA
Melvin,Male,USA
Ricardo,Male,USA
Nathaniel,Male,USA
Edgar,Male,USA
Mary,Female,USA
Patricia,Female,USA
Jennifer,Female,USA
Linda,Female,USA
Barbara,Female,USA
Elizabeth,Female,USA
Susan,Female,USA
Jessica,Female,USA
Sarah,Female,USA
Karen,Female,USA
Nancy,Female,USA
Lisa,Female,USA
Betty,Female,USA
Margaret,Female,USA
Sandra,Female,USA
Ashley,Female,USA
Kimberly,Female,USA
Emily,Female,USA
Donna,Female,USA
Michelle,Female,USA
Dorothy,Female,USA
Carol,Female,USA
Amanda,Female,USA
Melissa,Female,USA
Deborah,Female,USA
Stephanie,Female,USA
Rebecca,Female,USA
Sharon,Female,USA
Laura,Female,USA
Cynthia,Female,USA
Kathleen,Female,USA
Amy,Female,USA
Angela,Female,USA
Shirley,Female,USA
Anna,Female,USA
Brenda,Female,USA
Pamela,Female,USA
Emma,Female,USA
Nicole,Female,USA
Helen,Female,USA
Samantha,Female,USA
Katherine,Female,USA
Christine,Female,USA
Debra,Female,USA
Rachel,Female,USA
Carolyn,Female,USA
Janet,Female,USA
Catherine,Female,USA
Maria,Female,USA
Heather,Female,USA
Diane,Female,USA
Ruth,Female,USA
Julie,Female,USA
Olivia,Female,USA
Joyce,Female,USA
Virginia,Female,USA
Victoria,Female,USA
Kelly,Female,USA
Lauren,Female,USA
Christina,Female,USA
Joan,Female,USA
Evelyn,Female,USA
Judith,Female,USA
Megan,Female,USA
Andrea,Female,USA
Cheryl,Female,USA
Hannah,Female,USA
Jacqueline,Female,USA
Martha,Female,USA
Gloria,Female,USA
Teresa,Female,USA
Ann,Female,USA
Sara,Female,USA
Madison,Female,USA
Frances,Female,USA
Kathryn,Female,USA
Janice,Female,USA
Jean,Female,USA
Abigail,Female,USA
Alice,Female,USA
Judy,Female,USA
Sophia,Female,USA
Grace,Female,USA
Denise,Female,USA
Amber,Female,USA
Doris,Female,USA
Marilyn,Female,USA
Danielle,Female,USA
Beverly,Female,USA
Isabella,Female,USA
Theresa,Female,USA
Diana,Female,USA
Natalie,Female,USA
Brittany,Female,USA
Charlotte,Female,USA
Marie,Female,USA
Kayla,Female,USA
Alexis,Female,USA
Lori,Female,USA
Ava,Female,USA
Mia,Female,USA
Harper,Female,USA
Ella,Female,USA
Avery,Female,USA
Sofia,Female,USA
Camila,Female,USA
Aria,Female,USA
Scarlett,Female,USA
Luna,Female,USA
Chloe,Female,USA
Penelope,Female,USA
Layla,Female,USA
Riley,Female,USA
Zoey,Female,USA
Nora,Female,USA
Lily,Female,USA
Eleanor,Female,USA
Lillian,Female,USA
Addison,Female,USA
Aubrey,Female,USA
Ellie,Female,USA
Stella,Female,USA
Natalia,Female,USA
Zoe,Female,USA
Leah,Female,USA
Hazel,Female,USA
Violet,Female,USA
Aurora,Female,USA
Savannah,Female,USA
Audrey,Female,USA
Brooklyn,Female,USA
Bella,Female,USA
Claire,Female,USA
Skylar,Female,USA
Lucy,Female,USA
Paisley,Female,USA
Everly,Female,USA
Caroline,Female,USA
Nova,Female,USA
Genesis,Female,USA
Emilia,Female,USA
Kennedy,Female,USA
Maya,Female,USA
Willow,Female,USA
Kinsley,Female,USA
Naomi,Female,USA
Aaliyah,Female,USA
Elena,Female,USA
Ariana,Female,USA
Allison,Female,USA
Gabriella,Female,USA
Madelyn,Female,USA
Cora,Female,USA
Ruby,Female,USA
Eva,Female,USA
Serenity,Female,USA
Autumn,Female,USA
Adeline,Female,USA
Hailey,Female,USA
Gianna,Female,USA
Valentina,Female,USA
Isla,Female,USA
Eliana,Female,USA
Quinn,Female,USA
Nevaeh,Female,USA
Ivy,Female,USA
Sadie,Female,USA
Piper,Female,USA
Lydia,Female,USA
Alexa,Female,USA
Josephine,Female,USA
Emery,Female,USA
Julia,Female,USA
Delilah,Female,USA
Arianna,Female,USA
Vivian,Female,USA
Kaylee,Female,USA
Sophie,Female,USA
Brielle,Female,USA
Madeline,Female,USA
Peyton,Female,USA
Rylee,Female,USA
Clara,Female,USA
Hadley,Female,USA
Melanie,Female,USA
Mackenzie,Female,USA
Reagan,Female,USA
Adalynn,Female,USA
Liliana,Female,USA
Aubree,Female,USA
Jade,Female,USA
Isabelle,Female,USA
Raelynn,Female,USA
Athena,Female,USA
Ximena,Female,USA
Arya,Female,USA
Leilani,Female,USA
Taylor,Female,USA
Faith,Female,USA
Rose,Female,USA
Kylie,Female,USA
Alexandra,Female,USA
Lyla,Female,USA
Amaya,Female,USA
Eliza,Female,USA
Brianna,Female,USA
Bailey,Female,USA
Khloe,Female,USA
Jasmine,Female,USA
Melody,Female,USA
Iris,Female,USA
Isabel,Female,USA
Norah,Female,USA
Annabelle,Female,USA
Valeria,Female,USA
Emerson,Female,USA
Adalyn,Female,USA
Ryleigh,Female,USA
Eden,Female,USA
Emersyn,Female,USA
Anastasia,Female,USA
Ayla,Female,USA
Eloise,Female,USA
Gabrielle,Female,USA
Mariah,Female,USA
Lilly,Female,USA
Destiny,Female,USA
Kaitlyn,Female,USA
Paige,Female,USA
Vanessa,Female,USA
Morgan,Female,USA
Brooke,Female,USA
Shelby,Female,USA
Katelyn,Female,USA
Cassidy,Female,USA
Finnley,Male,USA
Asher,Male,USA
Atticus,Male,USA
Mateo,Male,USA
Braxton,Male,USA
Camden,Male,USA
Alina,Female,USA
Rosalie,Female,USA
Juliette,Female,USA
Daisy,Female,USA
Sienna,Female,USA
Lucia,Female,USA
Alaina,Female,USA
Maximilian,Male,Germany
Alexander,Male,Germany
Leon,Male,Germany
Paul,Male,Germany
Elias,Male,Germany
Jonas,Male,Germany
Luca,Male,Germany
Felix,Male,Germany
Noah,Male,Germany
Tim,Male,Germany
Jan,Male,Germany
Niklas,Male,Germany
Philipp,Male,Germany
David,Male,Germany
Daniel,Male,Germany
Fabian,Male,Germany
Simon,Male,Germany
Sebastian,Male,Germany
Tom,Male,Germany
Moritz,Male,Germany
Florian,Male,Germany
Johannes,Male,Germany
Benedikt,Male,Germany
Christian,Male,Germany
Michael,Male,Germany
Oliver,Male,Germany
Tobias,Male,Germany
Martin,Male,Germany
Peter,Male,Germany
Wolfgang,Male,Germany
Hans,Male,Germany
Karl,Male,Germany
Klaus,Male,Germany
Dieter,Male,Germany
Dirk,Male,Germany
Heiko,Male,Germany
Holger,Male,Germany
Sven,Male,Germany
Lars,Male,Germany
Jens,Male,Germany
Stefan,Male,Germany
Thomas,Male,Germany
Andreas,Male,Germany
Matthias,Male,Germany
Markus,Male,Germany
Lukas,Male,Germany
Benjamin,Male,Germany
Jakob,Male,Germany
Finn,Male,Germany
Louis,Male,Germany
Emil,Male,Germany
Henry,Male,Germany
Oskar,Male,Germany
Anton,Male,Germany
Theo,Male,Germany
Leo,Male,Germany
Ben,Male,Germany
Max,Male,Germany
Erik,Male,Germany
Mattheo,Male,Germany
Julian,Male,Germany
Samuel,Male,Germany
Jonathan,Male,Germany
Leonard,Male,Germany
Raphael,Male,Germany
Adrian,Male,Germany
Vincent,Male,Germany
Hannes,Male,Germany
Mats,Male,Germany
Jannik,Male,Germany
Nico,Male,Germany
Dominik,Male,Germany
Lennard,Male,Germany
Marius,Male,Germany
Colin,Male,Germany
Robin,Male,Germany
Kevin,Male,Germany
Pascal,Male,Germany
Dennis,Male,Germany
Marcel,Male,Germany
Patrick,Male,Germany
Bastian,Male,Germany
Christoph,Male,Germany
Steffen,Male,Germany
Marco,Male,Germany
Frank,Male,Germany
Ralf,Male,Germany
Uwe,Male,Germany
Bernd,Male,Germany
Jörg,Male,Germany
Rainer,Male,Germany
Günter,Male,Germany
Heinz,Male,Germany
Werner,Male,Germany
Helmut,Male,Germany
Horst,Male,Germany
Friedrich,Male,Germany
Mia,Female,Germany
Emma,Female,Germany
Hannah,Female,Germany
Emilia,Female,Germany
Sofia,Female,Germany
Anna,Female,Germany
Marie,Female,Germany
Lena,Female,Germany
Lea,Female,Germany
Laura,Female,Germany
Johanna,Female,Germany
Charlotte,Female,Germany
Luisa,Female,Germany
Clara,Female,Germany
Amelie,Female,Germany
Frieda,Female,Germany
Greta,Female,Germany
Ida,Female,Germany
Mathilda,Female,Germany
Nora,Female,Germany
Lara,Female,Germany
Sarah,Female,Germany
Julia,Female,Germany
Nina,Female,Germany
Eva,Female,Germany
Paula,Female,Germany
Katharina,Female,Germany
Franziska,Female,Germany
Theresa,Female,Germany
Marlene,Female,Germany
Helene,Female,Germany
Elisa,Female,Germany
Josephine,Female,Germany
Annika,Female,Germany
Antonia,Female,Germany
Jana,Female,Germany
Isabel,Female,Germany
Claudia,Female,Germany
Sophie,Female,Germany
Lotte,Female,Germany
Ella,Female,Germany
Mila,Female,Germany
Lina,Female,Germany
Maja,Female,Germany
Pia,Female,Germany
Leni,Female,Germany
Melissa,Female,Germany
Alina,Female,Germany
Lisa,Female,Germany
Christina,Female,Germany
Sabrina,Female,Germany
Stefanie,Female,Germany
Melanie,Female,Germany
Nicole,Female,Germany
Andrea,Female,Germany
Petra,Female,Germany
Martina,Female,Germany
Monika,Female,Germany
Gabriele,Female,Germany
Susanne,Female,Germany
Karin,Female,Germany
Sandra,Female,Germany
Birgit,Female,Germany
Silke,Female,Germany
Anja,Female,Germany
Tanja,Female,Germany
Jasmin,Female,Germany
Vanessa,Female,Germany
Michelle,Female,Germany
Jennifer,Female,Germany
Jule,Female,Germany
Leonie,Female,Germany
Stella,Female,Germany
Mara,Female,Germany
Helena,Female,Germany
Lilly,Female,Germany
Elli,Female,Germany
Zoe,Female,Germany
Pia,Female,Germany
Victoria,Female,Germany
Elisabeth,Female,Germany
Magdalena,Female,Germany
Fiona,Female,Germany
Valentina,Female,Germany
Pauline,Female,Germany
Mila,Female,Germany
Romy,Female,Germany
Isabella,Female,Germany
Rosalie,Female,Germany
Annabelle,Female,Germany
Carla,Female,Germany
Elina,Female,Germany
Olivia,Female,Germany
Thea,Female,Germany
Hermine,Female,Germany
Matilda,Female,Germany
Ilse,Female,Germany
Gisela,Female,Germany
Lutz,Male,Germany
Armin,Male,Germany
Ingrid,Female,Germany
Heike,Female,Germany
Renate,Female,Germany
Daan,Male,Netherlands
Sem,Male,Netherlands
Finn,Male,Netherlands
Milan,Male,Netherlands
Levi,Male,Netherlands
Luuk,Male,Netherlands
Mees,Male,Netherlands
Noud,Male,Netherlands
Thijs,Male,Netherlands
Bram,Male,Netherlands
Jens,Male,Netherlands
Ties,Male,Netherlands
Hugo,Male,Netherlands
Olivier,Male,Netherlands
Teun,Male,Netherlands
Gijs,Male,Netherlands
Sander,Male,Netherlands
Koen,Male,Netherlands
Lars,Male,Netherlands
Jeroen,Male,Netherlands
Jan,Male,Netherlands
Pieter,Male,Netherlands
Willem,Male,Netherlands
Hendrik,Male,Netherlands
Dirk,Male,Netherlands
Klaas,Male,Netherlands
Henk,Male,Netherlands
Martijn,Male,Netherlands
Bas,Male,Netherlands
Arjan,Male,Netherlands
Wouter,Male,Netherlands
Rick,Male,Netherlands
Nick,Male,Netherlands
Tom,Male,Netherlands
Joost,Male,Netherlands
Ruben,Male,Netherlands
Stefan,Male,Netherlands
Niels,Male,Netherlands
Kees,Male,Netherlands
Maarten,Male,Netherlands
Tim,Male,Netherlands
Max,Male,Netherlands
Sam,Male,Netherlands
Jesse,Male,Netherlands
Lucas,Male,Netherlands
Stijn,Male,Netherlands
Jasper,Male,Netherlands
Thomas,Male,Netherlands
Lars,Male,Netherlands
Kevin,Male,Netherlands
Mike,Male,Netherlands
Dennis,Male,Netherlands
Patrick,Male,Netherlands
Erik,Male,Netherlands
Marco,Male,Netherlands
Rob,Male,Netherlands
Paul,Male,Netherlands
Mark,Male,Netherlands
Peter,Male,Netherlands
Johan,Male,Netherlands
Hans,Male,Netherlands
Piet,Male,Netherlands
Cor,Male,Netherlands
Gerrit,Male,Netherlands
Wim,Male,Netherlands
Arie,Male,Netherlands
Theo,Male,Netherlands
Anton,Male,Netherlands
Johannes,Male,Netherlands
Cornelis,Male,Netherlands
Jacobus,Male,Netherlands
Adrianus,Male,Netherlands
Franciscus,Male,Netherlands
Joop,Male,Netherlands
Ton,Male,Netherlands
Bert,Male,Netherlands
Frits,Male,Netherlands
Leen,Male,Netherlands
Jaap,Male,Netherlands
Roel,Male,Netherlands
Jelle,Male,Netherlands
Hidde,Male,Netherlands
Boaz,Male,Netherlands
Morris,Male,Netherlands
Lars,Male,Netherlands
Jason,Male,Netherlands
Noah,Male,Netherlands
Jayden,Male,Netherlands
Dean,Male,Netherlands
Daniël,Male,Netherlands
Ryan,Male,Netherlands
Liam,Male,Netherlands
Julian,Male,Netherlands
Tygo,Male,Netherlands
Sven,Male,Netherlands
David,Male,Netherlands
Floris,Male,Netherlands
Felix,Male,Netherlands
Adam,Male,Netherlands
Emma,Female,Netherlands
Julia,Female,Netherlands
Sophie,Female,Netherlands
Mila,Female,Netherlands
Tess,Female,Netherlands
Noor,Female,Netherlands
Lieke,Female,Netherlands
Lotte,Female,Netherlands
Sanne,Female,Netherlands
Yara,Female,Netherlands
Eva,Female,Netherlands
Evi,Female,Netherlands
Fleur,Female,Netherlands
Saar,Female,Netherlands
Maud,Female,Netherlands
Isa,Female,Netherlands
Anna,Female,Netherlands
Lisa,Female,Netherlands
Sara,Female,Netherlands
Laura,Female,Netherlands
Marieke,Female,Netherlands
Anouk,Female,Netherlands
Ilse,Female,Netherlands
Femke,Female,Netherlands
Merel,Female,Netherlands
Marjolein,Female,Netherlands
Ingrid,Female,Netherlands
Petra,Female,Netherlands
Anne,Female,Netherlands
Roos,Female,Netherlands
Liv,Female,Netherlands
Lynn,Female,Netherlands
Maud,Female,Netherlands
Noa,Female,Netherlands
Zoë,Female,Netherlands
Nina,Female,Netherlands
Fenna,Female,Netherlands
Julie,Female,Netherlands
Jasmijn,Female,Netherlands
Lauren,Female,Netherlands
Suus,Female,Netherlands
Elin,Female,Netherlands
Luna,Female,Netherlands
Iris,Female,Netherlands
Charlotte,Female,Netherlands
Olivia,Female,Netherlands
Sophia,Female,Netherlands
Emily,Female,Netherlands
Fay,Female,Netherlands
Liz,Female,Netherlands
Demi,Female,Netherlands
Kim,Female,Netherlands
Linda,Female,Netherlands
Sandra,Female,Netherlands
Monique,Female,Netherlands
Esther,Female,Netherlands
Nicole,Female,Netherlands
Mandy,Female,Netherlands
Kelly,Female,Netherlands
Jennifer,Female,Netherlands
Jessica,Female,Netherlands
Michelle,Female,Netherlands
Maria,Female,Netherlands
Johanna,Female,Netherlands
Cornelia,Female,Netherlands
Hendrika,Female,Netherlands
Jacoba,Female,Netherlands
Geertje,Female,Netherlands
Grietje,Female,Netherlands
Joke,Female,Netherlands
Corrie,Female,Netherlands
Annie,Female,Netherlands
Truus,Female,Netherlands
Nel,Female,Netherlands
Alie,Female,Netherlands
Jannie,Female,Netherlands
Bep,Female,Netherlands
Riet,Female,Netherlands
Ria,Female,Netherlands
Gerda,Female,Netherlands
Ineke,Female,Netherlands
Brechje,Female,Netherlands
Doutzen,Female,Netherlands
Geertruida,Female,Netherlands
Lena,Female,Netherlands
Mara,Female,Netherlands
Naomi,Female,Netherlands
Rosalie,Female,Netherlands
Vera,Female,Netherlands
Milou,Female,Netherlands
Jana,Female,Netherlands
Lies,Female,Netherlands
Daphne,Female,Netherlands
Amy,Female,Netherlands
Lara,Female,Netherlands
Amber,Female,Netherlands
Kyra,Female,Netherlands
Jolien,Female,Netherlands
Esmee,Female,Netherlands
Tobias,Male,Netherlands
Sofie,Female,Netherlands
Leonardo,Male,Italy
Francesco,Male,Italy
Alessandro,Male,Italy
Lorenzo,Male,Italy
Matteo,Male,Italy
Tommaso,Male,Italy
Gabriele,Male,Italy
Andrea,Male,Italy
Riccardo,Male,Italy
Edoardo,Male,Italy
Diego,Male,Italy
Niccolò,Male,Italy
Giuseppe,Male,Italy
Pietro,Male,Italy
Samuele,Male,Italy
Giovanni,Male,Italy
Antonio,Male,Italy
Federico,Male,Italy
Filippo,Male,Italy
Marco,Male,Italy
Luca,Male,Italy
Michele,Male,Italy
Simone,Male,Italy
Stefano,Male,Italy
Roberto,Male,Italy
Paolo,Male,Italy
Carlo,Male,Italy
Enrico,Male,Italy
Davide,Male,Italy
Daniele,Male,Italy
Salvatore,Male,Italy
Raffaele,Male,Italy
Emanuele,Male,Italy
Giulio,Male,Italy
Massimo,Male,Italy
Maurizio,Male,Italy
Vincenzo,Male,Italy
Giorgio,Male,Italy
Alberto,Male,Italy
Claudio,Male,Italy
Mattia,Male,Italy
Christian,Male,Italy
Cristiano,Male,Italy
Alessio,Male,Italy
Giacomo,Male,Italy
Domenico,Male,Italy
Luigi,Male,Italy
Angelo,Male,Italy
Franco,Male,Italy
Bruno,Male,Italy
Fabio,Male,Italy
Gianni,Male,Italy
Mario,Male,Italy
Sergio,Male,Italy
Nicola,Male,Italy
Renato,Male,Italy
Alfredo,Male,Italy
Aldo,Male,Italy
Armando,Male,Italy
Gino,Male,Italy
Vittorio,Male,Italy
Guido,Male,Italy
Mauro,Male,Italy
Giancarlo,Male,Italy
Piero,Male,Italy
Cesare,Male,Italy
Silvio,Male,Italy
Marcello,Male,Italy
Luciano,Male,Italy
Fabrizio,Male,Italy
Gianluca,Male,Italy
Valerio,Male,Italy
Dario,Male,Italy
Mirko,Male,Italy
Samuele,Male,Italy
Jacopo,Male,Italy
Gianfranco,Male,Italy
Pierluigi,Male,Italy
Rocco,Male,Italy
Ettore,Male,Italy
Renzo,Male,Italy
Romeo,Male,Italy
Silvano,Male,Italy
Tiziano,Male,Italy
Umberto,Male,Italy
Achille,Male,Italy
Enzo,Male,Italy
Fausto,Male,Italy
Flavio,Male,Italy
Gianluca,Male,Italy
Ivano,Male,Italy
Lino,Male,Italy
Orlando,Male,Italy
Rino,Male,Italy
Sandro,Male,Italy
Valentino,Male,Italy
Gennaro,Male,Italy
Pasquale,Male,Italy
Donato,Male,Italy
Sofia,Female,Italy
Giulia,Female,Italy
Aurora,Female,Italy
Alice,Female,Italy
Ginevra,Female,Italy
Beatrice,Female,Italy
Emma,Female,Italy
Chiara,Female,Italy
Francesca,Female,Italy
Martina,Female,Italy
Sara,Female,Italy
Valentina,Female,Italy
Alessia,Female,Italy
Elisa,Female,Italy
Elena,Female,Italy
Gaia,Female,Italy
Noemi,Female,Italy
Ilaria,Female,Italy
Camilla,Female,Italy
Arianna,Female,Italy
Bianca,Female,Italy
Giorgia,Female,Italy
Vittoria,Female,Italy
Ludovica,Female,Italy
Anna,Female,Italy
Silvia,Female,Italy
Daniela,Female,Italy
Paola,Female,Italy
Roberta,Female,Italy
Federica,Female,Italy
Nicole,Female,Italy
Benedetta,Female,Italy
Giada,Female,Italy
Carlotta,Female,Italy
Marta,Female,Italy
Rachele,Female,Italy
Irene,Female,Italy
Nadia,Female,Italy
Veronica,Female,Italy
Simona,Female,Italy
Laura,Female,Italy
Claudia,Female,Italy
Serena,Female,Italy
Cristina,Female,Italy
Monica,Female,Italy
Stefania,Female,Italy
Barbara,Female,Italy
Alessandra,Female,Italy
Angela,Female,Italy
Maria,Female,Italy
Giovanna,Female,Italy
Rosa,Female,Italy
Teresa,Female,Italy
Carmela,Female,Italy
Giuseppina,Female,Italy
Rita,Female,Italy
Lucia,Female,Italy
Antonella,Female,Italy
Patrizia,Female,Italy
Manuela,Female,Italy
Lorella,Female,Italy
Cinzia,Female,Italy
Katia,Female,Italy
Emanuela,Female,Italy
Michela,Female,Italy
Gabriella,Female,Italy
Isabella,Female,Italy
Donatella,Female,Italy
Annalisa,Female,Italy
Sabrina,Female,Italy
Nicoletta,Female,Italy
Adriana,Female,Italy
Carla,Female,Italy
Diana,Female,Italy
Franca,Female,Italy
Grazia,Female,Italy
Luisa,Female,Italy
Marianna,Female,Italy
Ornella,Female,Italy
Rosanna,Female,Italy
Silvana,Female,Italy
Anita,Female,Italy
Bruna,Female,Italy
Caterina,Female,Italy
Eleonora,Female,Italy
Gina,Female,Italy
Lidia,Female,Italy
Lorenza,Female,Italy
Margherita,Female,Italy
Mirella,Female,Italy
Pia,Female,Italy
Sandra,Female,Italy
Tiziana,Female,Italy
Valeria,Female,Italy
Viola,Female,Italy
Matilde,Female,Italy
Ambra,Female,Italy
Cecilia,Female,Italy
Tommaso,Male,Italy
Cristiana,Female,Italy
Stella,Female,Italy
